{
	"format_version": "1.8.0",
	"animations": {
		"bow_down": {
			"animation_length": 2,
			"bones": {
				"Body": {
					"rotation": {
						"0.0": [0, 0, 0],
						"0.3333": [5, 0, 0],
						"1.0": {
							"pre": [70, 0, 0],
							"post": [70, 0, 0],
							"lerp_mode": "catmullrom"
						},
						"1.5": {
							"post": [70, 0, 0],
							"lerp_mode": "catmullrom"
						},
						"2.0": [0, 0, 0]
					},
					"position": {
						"0.0": [0, 0, 0],
						"0.2083": [0, 0.2, 0],
						"0.3333": [0, 0, 0],
						"2.0": [0, 0, 0]
					}
				},
				"Head": {
					"rotation": [0, 0, 0]
				},
				"RightArm": {
					"rotation": {
						"0.0": [0, 0, 0],
						"0.5": {
							"pre": [-81.05093, -33.22937, 2.41885],
							"post": [-81.05093, -33.22937, 2.41885],
							"lerp_mode": "catmullrom"
						},
						"1.0": {
							"post": [-53.60059, 68.60852, 34.46799],
							"lerp_mode": "catmullrom"
						},
						"1.5": {
							"post": [-53.60059, 68.60852, 34.46799],
							"lerp_mode": "catmullrom"
						},
						"2.0": [0, 0, 0]
					}
				},
				"LeftArm": {
					"rotation": {
						"0.0": [0, 0, 0],
						"1.0": {
							"pre": [-77.70654, 69.06653, -3.3551],
							"post": [-77.70654, 69.06653, -3.3551],
							"lerp_mode": "catmullrom"
						},
						"1.5": {
							"post": [-77.70654, 69.06653, -3.3551],
							"lerp_mode": "catmullrom"
						},
						"2.0": [0, 0, 0]
					}
				},
				"LeftLeg": {
					"rotation": {
						"0.0": [0, 0, 0],
						"0.1667": {
							"pre": [-2.46495, -0.85409, -2.34993],
							"post": [-2.46495, -0.85409, -2.34993],
							"lerp_mode": "catmullrom"
						},
						"0.3333": [-19.9299, -1.70818, -4.69986],
						"2.0": [0, 0, 0]
					},
					"position": {
						"0.0": [0, 0, 0],
						"0.1667": {
							"pre": [0, 0.3, -1],
							"post": [0, 0.3, -1],
							"lerp_mode": "catmullrom"
						},
						"0.3333": [0, -0.5, -2],
						"2.0": [0, 0, 0]
					}
				}
			}
		}
	}
}